-- phpMyAdmin SQL Dump
-- version 4.6.6
-- https://www.phpmyadmin.net/
--
-- Host: localhost
-- Generation Time: Apr 03, 2023 at 12:28 PM
-- Server version: 5.7.17-log
-- PHP Version: 5.6.30

SET SQL_MODE = "NO_AUTO_VALUE_ON_ZERO";
SET time_zone = "+00:00";


/*!40101 SET @OLD_CHARACTER_SET_CLIENT=@@CHARACTER_SET_CLIENT */;
/*!40101 SET @OLD_CHARACTER_SET_RESULTS=@@CHARACTER_SET_RESULTS */;
/*!40101 SET @OLD_COLLATION_CONNECTION=@@COLLATION_CONNECTION */;
/*!40101 SET NAMES utf8mb4 */;

--
-- Database: `pos`
--

-- --------------------------------------------------------

--
-- Table structure for table `pos_backup_product`
--

CREATE TABLE `pos_backup_product` (
  `backup_product_id` int(11) NOT NULL,
  `product_id` varchar(300) NOT NULL,
  `product_name` varchar(300) NOT NULL,
  `product_admit` varchar(300) NOT NULL,
  `backup_product_create` varchar(300) NOT NULL,
  `product_unit` varchar(300) NOT NULL,
  `product_payoff` varchar(300) NOT NULL,
  `product_balance` varchar(300) NOT NULL COMMENT 'คงเหลือ',
  `good_RefNo` varchar(300) NOT NULL,
  `backup_note` varchar(300) NOT NULL COMMENT 'ประวัติ คำอธิบาย',
  `backup_employee` varchar(300) NOT NULL
) ENGINE=InnoDB DEFAULT CHARSET=utf8;

--
-- Dumping data for table `pos_backup_product`
--

INSERT INTO `pos_backup_product` (`backup_product_id`, `product_id`, `product_name`, `product_admit`, `backup_product_create`, `product_unit`, `product_payoff`, `product_balance`, `good_RefNo`, `backup_note`, `backup_employee`) VALUES
(1, '9', 'หมอนรองเจาะคอ', '5', '2023-01-25 03:25:51', 'ชุด', '0', '5', 'GO-XFQDO2rSjJ', 'เพิ่มสินค้าเข้าสต็อก', 'ปลื้ม5'),
(2, '12', 'ลูกอม รอยัลดี รสผลไม้', '100', '2023-01-25 03:25:51', 'แผง', '0', '100', 'GO-XFQDO2rSjJ', 'เพิ่มสินค้าเข้าสต็อก', 'ปลื้ม5'),
(3, '14', 'ยาแคปซูล ฟ้าทลายโจร', '50', '2023-01-25 03:25:51', 'แผง', '0', '50', 'GO-XFQDO2rSjJ', 'เพิ่มสินค้าเข้าสต็อก', 'ปลื้ม5'),
(4, '10', 'ยาหม่อง ตรา ลิงถือลูกท้อ', '30', '2023-01-25 03:25:51', 'เตียง', '0', '30', 'GO-XFQDO2rSjJ', 'เพิ่มสินค้าเข้าสต็อก', 'ปลื้ม5'),
(5, '10', 'ยาหม่อง ตรา ลิงถือลูกท้อ', '1', '2023-01-25 03:30:50', 'เตียง', '0', '1', 'GO-KFcwO1VVTA', 'เพิ่มสินค้าเข้าสต็อก', 'ปลื้ม5'),
(6, '12', 'ลูกอม รอยัลดี รสผลไม้', '1', '2023-01-25 03:30:50', 'แผง', '0', '1', 'GO-KFcwO1VVTA', 'เพิ่มสินค้าเข้าสต็อก', 'ปลื้ม5'),
(7, '11', 'ขวดยาแอลกอฮอล์', '1', '2023-01-25 05:29:42', 'ขวด', '0', '1', 'GO-k4iZReT4ck', 'เพิ่มสินค้าเข้าสต็อก', 'ปลื้ม5'),
(8, '14', 'ยาแคปซูล ฟ้าทลายโจร', '50', '2023-01-25 05:29:42', 'แผง', '0', '50', 'GO-k4iZReT4ck', 'เพิ่มสินค้าเข้าสต็อก', 'ปลื้ม5'),
(9, '12', 'ลูกอม รอยัลดี รสผลไม้', '0', '2023-01-25 05:36:12', 'แผง', '1', '1', 'GO-KFcwO1VVTA', 'ลบสินค้าออกจากสต็อก', 'ปลื้ม5'),
(10, '12', 'ลูกอม รอยัลดี รสผลไม้', '0', '2023-01-25 05:37:17', 'แผง', '1', '1', 'GO-KFcwO1VVTA', 'ลบสินค้าออกจากสต็อก', 'ปลื้ม5'),
(11, '12', 'ลูกอม รอยัลดี รสผลไม้', '0', '2023-01-25 05:39:07', 'แผง', '90', '90', 'GO-XFQDO2rSjJ', 'ลบสินค้าออกจากสต็อก', 'ปลื้ม5'),
(12, '0', 'รถเข็นผู้ป่วย 1', '0', '2023-01-25 16:00:th', 'คัน1', '0', '0', '0', 'เพิ่มสินค้าใหม่เข้าระบบ', '0'),
(13, '15', 'รถเข็นผู้ป่วย 1', '15', '2023-01-25 16:07:53', 'คัน1', '0', '15', 'GO-F7zbzfHYt9', 'เพิ่มสินค้าเข้าสต็อก', 'เภสัชกร'),
(14, '13', 'เตียงผู้ป่วยไฟฟ้า', '1', '2023-02-18 12:27:09', 'เตียง', '0', '1', 'GO-suOl5NIGVR', 'เพิ่มสินค้าเข้าสต็อก', 'ปลื้ม5'),
(15, '8', 'รถเข็นสีดำ ขนาดกลาง', '1', '2023-02-18 12:27:37', 'ชุด', '0', '1', 'GO-OG3WU5G48U', 'เพิ่มสินค้าเข้าสต็อก', 'ปลื้ม5'),
(16, '9', 'หมอนรองเจาะคอ', '1', '2023-02-18 12:27:37', 'ชุด', '0', '1', 'GO-OG3WU5G48U', 'เพิ่มสินค้าเข้าสต็อก', 'ปลื้ม5'),
(17, '11', 'ขวดยาแอลกอฮอล์', '1', '2023-02-18 12:27:37', 'ขวด', '0', '1', 'GO-OG3WU5G48U', 'เพิ่มสินค้าเข้าสต็อก', 'ปลื้ม5'),
(18, '10', 'ยาหม่อง ตรา ลิงถือลูกท้อ', '1', '2023-02-18 12:27:37', 'เตียง', '0', '1', 'GO-OG3WU5G48U', 'เพิ่มสินค้าเข้าสต็อก', 'ปลื้ม5'),
(19, '14', 'ยาแคปซูล ฟ้าทลายโจร', '1', '2023-02-18 12:27:37', 'แผง', '0', '1', 'GO-OG3WU5G48U', 'เพิ่มสินค้าเข้าสต็อก', 'ปลื้ม5'),
(20, '13', 'เตียงผู้ป่วยไฟฟ้า', '1', '2023-02-18 12:27:37', 'เตียง', '0', '1', 'GO-OG3WU5G48U', 'เพิ่มสินค้าเข้าสต็อก', 'ปลื้ม5'),
(21, '13', 'เตียงผู้ป่วยไฟฟ้า', '5', '2023-02-18 12:29:17', 'เตียง', '0', '5', 'GO-V7iETuorVr', 'เพิ่มสินค้าเข้าสต็อก', 'ปลื้ม'),
(22, '0', 'รถเข็นสีดำ ขนาดใหญ่', '0', '2023-02-21 12:47:st', 'ตัว', '0', '0', '0', 'เพิ่มสินค้าใหม่เข้าระบบ', '0'),
(23, '13', 'เตียงผู้ป่วยไฟฟ้า', '1', '2023-03-23 16:36:08', 'เตียง', '0', '1', 'GO-b3554gmGa5', 'เพิ่มสินค้าเข้าสต็อก', 'ปลื้ม5'),
(24, '8', 'รถเข็นสีดำ ขนาดกลาง', '1', '2023-03-23 16:36:08', 'ชุด', '0', '1', 'GO-b3554gmGa5', 'เพิ่มสินค้าเข้าสต็อก', 'ปลื้ม5'),
(25, '14', 'ยาแคปซูล ฟ้าทลายโจร', '1', '2023-03-23 16:36:08', 'แผง', '0', '1', 'GO-b3554gmGa5', 'เพิ่มสินค้าเข้าสต็อก', 'ปลื้ม5'),
(26, '8', 'รถเข็นสีดำ ขนาดกลาง', '1', '2023-03-23 16:36:58', 'ชุด', '0', '1', 'GO-RG1wJbFiy3', 'เพิ่มสินค้าเข้าสต็อก', 'ปลื้ม5'),
(27, '12', 'ลูกอม รอยัลดี รสผลไม้', '1', '2023-03-23 16:36:58', 'แผง', '0', '1', 'GO-RG1wJbFiy3', 'เพิ่มสินค้าเข้าสต็อก', 'ปลื้ม5'),
(28, '13', 'เตียงผู้ป่วยไฟฟ้า', '1', '2023-03-23 16:50:36', 'เตียง', '0', '1', 'GO-b3554gmGa5', 'เพิ่มสินค้าเข้าสต็อก', 'ปลื้ม5'),
(29, '8', 'รถเข็นสีดำ ขนาดกลาง', '1', '2023-03-23 16:50:36', 'ชุด', '0', '1', 'GO-b3554gmGa5', 'เพิ่มสินค้าเข้าสต็อก', 'ปลื้ม5'),
(30, '14', 'ยาแคปซูล ฟ้าทลายโจร', '1', '2023-03-23 16:50:36', 'แผง', '0', '1', 'GO-b3554gmGa5', 'เพิ่มสินค้าเข้าสต็อก', 'ปลื้ม5'),
(31, '8', 'รถเข็นสีดำ ขนาดกลาง', '1', '2023-03-23 16:54:56', 'ชุด', '0', '1', 'GO-RG1wJbFiy3', 'เพิ่มสินค้าเข้าสต็อก', 'ปลื้ม5'),
(32, '12', 'ลูกอม รอยัลดี รสผลไม้', '1', '2023-03-23 16:54:56', 'แผง', '0', '1', 'GO-RG1wJbFiy3', 'เพิ่มสินค้าเข้าสต็อก', 'ปลื้ม5'),
(33, '13', 'เตียงผู้ป่วยไฟฟ้า', '1', '2023-03-23 16:55:38', 'เตียง', '0', '1', 'GO-W7MuTSpaG6', 'เพิ่มสินค้าเข้าสต็อก', 'ปลื้ม5'),
(34, '14', 'ยาแคปซูล ฟ้าทลายโจร', '1', '2023-03-23 16:55:38', 'แผง', '0', '1', 'GO-W7MuTSpaG6', 'เพิ่มสินค้าเข้าสต็อก', 'ปลื้ม5'),
(35, '9', 'หมอนรองเจาะคอ', '30', '2023-03-23 16:56:22', 'ชุด', '0', '30', 'GO-t2FTyWmBDM', 'เพิ่มสินค้าเข้าสต็อก', 'ปลื้ม'),
(36, '12', 'ลูกอม รอยัลดี รสผลไม้', '1', '2023-03-23 16:58:07', 'แผง', '0', '1', 'GO-LBQZZoovYp', 'เพิ่มสินค้าเข้าสต็อก', 'ปลื้ม5'),
(37, '13', 'เตียงผู้ป่วยไฟฟ้า', '1', '2023-03-23 16:58:07', 'เตียง', '0', '1', 'GO-LBQZZoovYp', 'เพิ่มสินค้าเข้าสต็อก', 'ปลื้ม5'),
(38, '12', 'ลูกอม รอยัลดี รสผลไม้', '1', '2023-03-23 16:58:23', 'แผง', '0', '1', 'GO-rL9DZxRQvQ', 'เพิ่มสินค้าเข้าสต็อก', 'ปลื้ม');

-- --------------------------------------------------------

--
-- Table structure for table `pos_backup_stock`
--

CREATE TABLE `pos_backup_stock` (
  `backup_stock_id` int(11) NOT NULL,
  `stock_import` varchar(300) NOT NULL,
  `product_id` varchar(300) NOT NULL,
  `product_name` varchar(300) NOT NULL,
  `product_unit` varchar(300) NOT NULL,
  `product_lot` varchar(300) NOT NULL,
  `product_quantity` varchar(300) NOT NULL,
  `product_start_date` date NOT NULL,
  `product_end_date` date NOT NULL,
  `good_RefNo` varchar(300) NOT NULL,
  `po_buyer` varchar(300) NOT NULL
) ENGINE=InnoDB DEFAULT CHARSET=utf8;

--
-- Dumping data for table `pos_backup_stock`
--

INSERT INTO `pos_backup_stock` (`backup_stock_id`, `stock_import`, `product_id`, `product_name`, `product_unit`, `product_lot`, `product_quantity`, `product_start_date`, `product_end_date`, `good_RefNo`, `po_buyer`) VALUES
(0, '2023-01-25 05:29:42', '11', 'ขวดยาแอลกอฮอล์', 'ขวด', 'aaa2', '1', '2023-01-28', '2023-04-17', 'GO-k4iZReT4ck', 'ปลื้ม5'),
(0, '2023-01-25 05:29:42', '14', 'ยาแคปซูล ฟ้าทลายโจร', 'แผง', 'aaa2', '50', '2023-01-25', '2023-08-12', 'GO-k4iZReT4ck', 'ปลื้ม5'),
(0, '2023-01-25 16:07:53', '15', 'รถเข็นผู้ป่วย 1', 'คัน1', 'LOT1', '15', '2023-01-25', '2026-01-25', 'GO-F7zbzfHYt9', 'เภสัชกร'),
(0, '2023-02-18 12:27:09', '13', 'เตียงผู้ป่วยไฟฟ้า', 'เตียง', '5555', '1', '2023-01-25', '2026-01-25', 'GO-suOl5NIGVR', 'ปลื้ม5'),
(0, '2023-02-18 12:27:37', '8', 'รถเข็นสีดำ ขนาดกลาง', 'ชุด', '100o', '1', '2023-01-25', '2026-01-25', 'GO-OG3WU5G48U', 'ปลื้ม5'),
(0, '2023-02-18 12:27:37', '9', 'หมอนรองเจาะคอ', 'ชุด', '100o', '1', '2023-01-25', '2026-01-25', 'GO-OG3WU5G48U', 'ปลื้ม5'),
(0, '2023-02-18 12:27:37', '11', 'ขวดยาแอลกอฮอล์', 'ขวด', '100o', '1', '2023-01-27', '2023-06-11', 'GO-OG3WU5G48U', 'ปลื้ม5'),
(0, '2023-02-18 12:27:37', '10', 'ยาหม่อง ตรา ลิงถือลูกท้อ', 'เตียง', '100o', '1', '2023-01-25', '2024-01-14', 'GO-OG3WU5G48U', 'ปลื้ม5'),
(0, '2023-02-18 12:27:37', '14', 'ยาแคปซูล ฟ้าทลายโจร', 'แผง', '100o', '1', '2023-01-28', '2023-04-16', 'GO-OG3WU5G48U', 'ปลื้ม5'),
(0, '2023-02-18 12:27:37', '13', 'เตียงผู้ป่วยไฟฟ้า', 'เตียง', '100o', '1', '2023-01-25', '2026-01-25', 'GO-OG3WU5G48U', 'ปลื้ม5'),
(0, '2023-02-18 12:29:17', '13', 'เตียงผู้ป่วยไฟฟ้า', 'เตียง', '50025', '5', '2023-02-18', '2026-02-18', 'GO-V7iETuorVr', 'ปลื้ม'),
(0, '2023-03-23 16:36:08', '13', 'เตียงผู้ป่วยไฟฟ้า', 'เตียง', '1222', '1', '2023-01-25', '2026-01-25', 'GO-b3554gmGa5', 'ปลื้ม5'),
(0, '2023-03-23 16:36:08', '8', 'รถเข็นสีดำ ขนาดกลาง', 'ชุด', '1222', '1', '2023-01-25', '2026-01-25', 'GO-b3554gmGa5', 'ปลื้ม5'),
(0, '2023-03-23 16:36:08', '14', 'ยาแคปซูล ฟ้าทลายโจร', 'แผง', '1222', '1', '2023-01-25', '2023-05-16', 'GO-b3554gmGa5', 'ปลื้ม5'),
(0, '2023-03-23 16:36:58', '8', 'รถเข็นสีดำ ขนาดกลาง', 'ชุด', '33444', '1', '2023-01-25', '2026-01-25', 'GO-RG1wJbFiy3', 'ปลื้ม5'),
(0, '2023-03-23 16:36:58', '12', 'ลูกอม รอยัลดี รสผลไม้', 'แผง', '33444', '1', '2023-01-27', '2023-03-21', 'GO-RG1wJbFiy3', 'ปลื้ม5'),
(0, '2023-03-23 16:50:36', '13', 'เตียงผู้ป่วยไฟฟ้า', 'เตียง', '11111', '1', '2023-01-25', '2026-01-25', 'GO-b3554gmGa5', 'ปลื้ม5'),
(0, '2023-03-23 16:50:36', '8', 'รถเข็นสีดำ ขนาดกลาง', 'ชุด', '11111', '1', '2023-01-25', '2026-01-25', 'GO-b3554gmGa5', 'ปลื้ม5'),
(0, '2023-03-23 16:50:36', '14', 'ยาแคปซูล ฟ้าทลายโจร', 'แผง', '11111', '1', '2023-01-25', '2023-05-16', 'GO-b3554gmGa5', 'ปลื้ม5'),
(0, '2023-03-23 16:54:56', '8', 'รถเข็นสีดำ ขนาดกลาง', 'ชุด', '332132', '1', '2023-01-25', '2026-01-25', 'GO-RG1wJbFiy3', 'ปลื้ม5'),
(0, '2023-03-23 16:54:56', '12', 'ลูกอม รอยัลดี รสผลไม้', 'แผง', '332132', '1', '2023-01-27', '2023-03-21', 'GO-RG1wJbFiy3', 'ปลื้ม5'),
(0, '2023-03-23 16:55:38', '13', 'เตียงผู้ป่วยไฟฟ้า', 'เตียง', '-/ๅ/', '1', '2023-01-25', '2026-01-25', 'GO-W7MuTSpaG6', 'ปลื้ม5'),
(0, '2023-03-23 16:55:38', '14', 'ยาแคปซูล ฟ้าทลายโจร', 'แผง', '-/ๅ/', '1', '2023-01-29', '2023-05-07', 'GO-W7MuTSpaG6', 'ปลื้ม5'),
(0, '2023-03-23 16:56:22', '9', 'หมอนรองเจาะคอ', 'ชุด', '22222222', '30', '2023-01-25', '2026-01-25', 'GO-t2FTyWmBDM', 'ปลื้ม'),
(0, '2023-03-23 16:58:07', '12', 'ลูกอม รอยัลดี รสผลไม้', 'แผง', '23455', '1', '2023-01-26', '2023-02-19', 'GO-LBQZZoovYp', 'ปลื้ม5'),
(0, '2023-03-23 16:58:07', '13', 'เตียงผู้ป่วยไฟฟ้า', 'เตียง', '23455', '1', '2023-01-25', '2026-01-25', 'GO-LBQZZoovYp', 'ปลื้ม5'),
(0, '2023-03-23 16:58:23', '12', 'ลูกอม รอยัลดี รสผลไม้', 'แผง', 'ddd', '1', '2023-03-23', '2028-03-21', 'GO-rL9DZxRQvQ', 'ปลื้ม');

-- --------------------------------------------------------

--
-- Table structure for table `pos_category`
--

CREATE TABLE `pos_category` (
  `cate_id` int(11) NOT NULL,
  `cate_name` varchar(300) NOT NULL
) ENGINE=InnoDB DEFAULT CHARSET=utf8;

--
-- Dumping data for table `pos_category`
--

INSERT INTO `pos_category` (`cate_id`, `cate_name`) VALUES
(2253, 'ยาต้านไวรัส'),
(2254, 'ยาคุมกำเนิด‎ '),
(2255, 'ยาแก้ท้องร่วง‎'),
(2256, 'ยาบรรเทาปวด‎'),
(2257, 'ยาปฏิชีวนะ‎'),
(2258, 'ยายับยั้งการหลั่งกรด‎ '),
(2259, 'ยาระบาย‎ '),
(2260, 'ยาลดไข้'),
(2261, 'ยาลดกรด'),
(2262, 'ยาลดความดัน‎ '),
(2263, 'ยาลดความอ้วน‎'),
(2264, 'วิตามิน‎'),
(2265, ' ยากำพร้า'),
(2266, 'ยาแก้คัดจมูก‎'),
(2269, 'รถเข็นผู้ป่วย'),
(2271, 'รถเข็นผู้ป่วย 3'),
(2272, '1111'),
(2273, 'ๅ');

-- --------------------------------------------------------

--
-- Table structure for table `pos_customer`
--

CREATE TABLE `pos_customer` (
  `customer_id` int(11) NOT NULL,
  `customer_name` varchar(300) NOT NULL,
  `customer_last` varchar(300) NOT NULL,
  `customer_phone` varchar(300) NOT NULL,
  `customer_address` varchar(300) NOT NULL,
  `customer_drug` varchar(300) NOT NULL
) ENGINE=InnoDB DEFAULT CHARSET=utf8;

--
-- Dumping data for table `pos_customer`
--

INSERT INTO `pos_customer` (`customer_id`, `customer_name`, `customer_last`, `customer_phone`, `customer_address`, `customer_drug`) VALUES
(2, 'ปลื้ม', 'นอนน้อยมาก', '0641318526', 'ปทุมธานี', '-'),
(4, 'รัตนพร', 'แดงวัน', '064528956', 'นครนายก', 'เยอะมาก');

-- --------------------------------------------------------

--
-- Table structure for table `pos_employee`
--

CREATE TABLE `pos_employee` (
  `employee_id` int(11) NOT NULL,
  `employee_name` varchar(300) NOT NULL,
  `employee_phone` varchar(300) NOT NULL,
  `employee_email` varchar(300) NOT NULL,
  `employee_role` varchar(300) NOT NULL,
  `username` varchar(300) NOT NULL,
  `password` varchar(300) NOT NULL
) ENGINE=InnoDB DEFAULT CHARSET=utf8;

--
-- Dumping data for table `pos_employee`
--

INSERT INTO `pos_employee` (`employee_id`, `employee_name`, `employee_phone`, `employee_email`, `employee_role`, `username`, `password`) VALUES
(1, 'ปลื้ม', '0641318526', 'pluem@gmail.com', 'เภสัชกร', 'ei', '1234'),
(2, 'Admin', '0641185265', 'admin@gmail.com', 'ผู้ดูแลระบบ', 'admin', '123456'),
(3, 'header', '084+663955', 'head@gmail.com', 'เจ้าของกิจการ', 'head', '123456'),
(4, 'เภสัชกร12', '0641185265', 'phasatkon@gmail.com', 'เภสัชกร', 'phasat', '123456');

-- --------------------------------------------------------

--
-- Table structure for table `pos_goods`
--

CREATE TABLE `pos_goods` (
  `goods_id` int(11) NOT NULL,
  `good_RefNo` varchar(300) NOT NULL,
  `po_buyer` varchar(300) NOT NULL,
  `good_saler` varchar(300) NOT NULL,
  `good_status` varchar(300) NOT NULL,
  `good_create` datetime NOT NULL
) ENGINE=InnoDB DEFAULT CHARSET=utf8;

--
-- Dumping data for table `pos_goods`
--

INSERT INTO `pos_goods` (`goods_id`, `good_RefNo`, `po_buyer`, `good_saler`, `good_status`, `good_create`) VALUES
(1, 'GO-ByQ0pziwKZ', 'ปลื้ม5', 'บริษัท มิลลิเมด บีเอฟเอส จำกัด', '0', '2023-01-25 02:51:20'),
(2, 'GO-XFQDO2rSjJ', 'ปลื้ม5', 'บริษัท จงไท้เจี้ยนหมิงเอี้ยวเอี้ย (กรุ๊ป)จำกัด', '2', '2023-01-25 02:52:09'),
(3, 'GO-suOl5NIGVR', 'ปลื้ม5', 'บริษัท มิลลิเมด บีเอฟเอส จำกัด', '2', '2023-01-25 05:29:20'),
(4, 'GO-b3554gmGa5', 'ปลื้ม5', 'บริษัท มิลลิเมด บีเอฟเอส จำกัด', '2', '2023-01-25 02:57:54'),
(5, 'GO-RG1wJbFiy3', 'ปลื้ม5', 'บริษัท เอสบีเค เฮอร์เบอลิสท์ จำกัด', '2', '2023-01-25 02:59:29'),
(6, 'GO-W7MuTSpaG6', 'ปลื้ม5', 'บริษัท มิลลิเมด บีเอฟเอส จำกัด', '2', '2023-01-25 03:00:30'),
(7, 'GO-P3kUd9vQ2q', 'ปลื้ม5', 'บริษัท จงไท้เจี้ยนหมิงเอี้ยวเอี้ย (กรุ๊ป)จำกัด', '0', '2023-01-25 03:02:13'),
(8, 'GO-z2pRqTqzFq', 'ปลื้ม5', 'นายประชุม แก้วประดิษฐ์', '1', '2023-01-25 03:02:52'),
(9, 'GO-LBQZZoovYp', 'ปลื้ม5', 'Hatakabb (Sim Tien Hor) Co., Ltd.', '2', '2023-01-25 03:03:38'),
(10, 'GO-KFcwO1VVTA', 'ปลื้ม5', 'Hatakabb (Sim Tien Hor) Co., Ltd.', '2', '2023-01-25 03:05:22'),
(11, 'GO-OG3WU5G48U', 'ปลื้ม5', 'บริษัท เอสบีเค เฮอร์เบอลิสท์ จำกัด', '2', '2023-01-25 03:07:21'),
(12, 'GO-o7te4XILL8', 'ปลื้ม5', 'บริษัท เพอเฟคท์ ไลน์ อินเตอร์เนชั่นแนล จำกัด', '0', '2023-01-25 03:08:44'),
(13, 'GO-k4iZReT4ck', 'ปลื้ม5', 'นายประชุม แก้วประดิษฐ์', '2', '2023-01-25 03:09:17'),
(14, 'GO-rL9DZxRQvQ', 'ปลื้ม', 'Hatakabb (Sim Tien Hor) Co., Ltd.', '2', '2023-03-23 15:20:24'),
(15, 'GO-t2FTyWmBDM', 'ปลื้ม', 'บริษัท จงไท้เจี้ยนหมิงเอี้ยวเอี้ย (กรุ๊ป)จำกัด', '2', '2023-01-25 05:28:09'),
(16, 'GO-1y21LXDDaw', 'ปลื้ม', 'นายประชุม แก้วประดิษฐ์', '0', '2023-01-25 05:27:59'),
(17, 'GO-F7zbzfHYt9', 'เภสัชกร', 'วไลยอลงกรณ์', '2', '2023-01-25 16:06:44'),
(18, 'GO-iJKK2MrmsR', 'ปลื้ม', 'Hatakabb (Sim Tien Hor) Co., Ltd.', '0', '2023-01-28 14:50:04'),
(19, 'GO-APNBwP8zhk', 'ปลื้ม', 'บริษัท มิลลิเมด บีเอฟเอส จำกัด', '0', '2023-01-29 22:36:21'),
(20, 'GO-V7iETuorVr', 'ปลื้ม', 'บริษัท มิลลิเมด บีเอฟเอส จำกัด', '2', '2023-02-18 12:28:22'),
(21, 'GO-tPab4GMZxy', 'ปลื้ม', 'บริษัท เอสบีเค เฮอร์เบอลิสท์ จำกัด', '1', '2023-03-23 14:58:06'),
(22, 'GO-5bpnJbAyv7', 'ปลื้ม', 'บริษัท เอสบีเค เฮอร์เบอลิสท์ จำกัด', '0', '2023-03-15 21:47:59'),
(23, 'GO-khcCEJva3k', 'ปลื้ม', 'บริษัท มิลลิเมด บีเอฟเอส จำกัด', '0', '2023-03-17 12:49:34'),
(24, 'GO-EOaIpnjFp5', 'ปลื้ม', '', '0', '2023-03-18 17:57:14'),
(25, 'GO-llyCnI19Gg', 'ปลื้ม', '', '0', '2023-03-18 17:57:22'),
(26, 'GO-24K7ZNfznQ', 'ปลื้ม', '', '0', '2023-03-18 17:57:28'),
(27, 'GO-AlbBI2mQpq', 'ปลื้ม', '', '0', '2023-03-18 17:57:34'),
(28, 'GO-L7QZ9g1N6z', 'ปลื้ม', '', '0', '2023-03-18 17:57:36'),
(29, 'GO-E7WnjGvPrf', 'ปลื้ม', '', '0', '2023-03-18 17:57:39'),
(30, 'GO-Dsf4AJ5CJT', 'ปลื้ม', '', '0', '2023-03-18 19:09:30'),
(31, 'GO-va116rIxzb', 'ปลื้ม', '', '0', '2023-03-18 19:11:46'),
(32, 'GO-t9tOf2dFWS', 'ปลื้ม', '', '0', '2023-03-18 19:12:13'),
(33, 'GO-eSRcbxkaWx', 'ปลื้ม', '', '0', '2023-03-23 10:53:48'),
(34, 'GO-TRZYM5hsId', 'ปลื้ม', '', '0', '2023-03-23 10:53:54'),
(35, 'GO-QEplFn0CGT', 'ปลื้ม', '', '0', '2023-03-23 10:54:01'),
(36, 'GO-Zp62PzuVO8', 'ปลื้ม', '', '0', '2023-03-23 10:55:30'),
(37, 'GO-yJL9CofDkO', 'ปลื้ม', '', '0', '2023-03-23 10:55:51'),
(38, 'GO-XTzx3xUYeC', 'ปลื้ม', '', '0', '2023-03-23 10:59:08'),
(39, 'GO-rL4StpEwTR', 'ปลื้ม', '', '0', '2023-03-23 10:59:13'),
(40, 'GO-Ah0BYmGzot', 'ปลื้ม', '', '0', '2023-03-23 10:59:26'),
(41, 'GO-fhWRyEdeWc', 'ปลื้ม', '', '0', '2023-03-23 10:59:36'),
(42, 'GO-gMAkrh0TVC', 'ปลื้ม', '', '0', '2023-03-23 11:08:06'),
(43, 'GO-jOgQPiR6PV', 'ปลื้ม', '', '0', '2023-03-23 11:11:08'),
(44, 'GO-2FbUUvcJjJ', 'ปลื้ม', '', '0', '2023-03-23 11:11:28'),
(45, 'GO-zUWqJLfYcB', 'ปลื้ม', 'Hatakabb (Sim Tien Hor) Co., Ltd.', '3', '2023-03-23 11:12:07'),
(46, 'GO-lljUjIVELO', 'ปลื้ม', 'บริษัท จงไท้เจี้ยนหมิงเอี้ยวเอี้ย (กรุ๊ป)จำกัด', '3', '2023-03-23 11:13:09'),
(47, 'GO-miMStOXBCF', 'ปลื้ม', '', '0', '2023-03-23 11:13:13'),
(48, 'GO-odCQGqPNUt', 'ปลื้ม', 'บริษัท เอสบีเค เฮอร์เบอลิสท์ จำกัด', '3', '2023-03-23 11:13:20'),
(49, 'GO-SjP5lN2rtC', 'ปลื้ม', 'Hatakabb (Sim Tien Hor) Co., Ltd.', '3', '2023-03-23 12:52:02'),
(50, 'GO-AsOmUGoc0y', 'ปลื้ม', 'นายประชุม แก้วประดิษฐ์', '0', '2023-03-23 14:05:47'),
(51, 'GO-5lcKdYV3hS', 'ปลื้ม', 'Hatakabb (Sim Tien Hor) Co., Ltd.', '0', '2023-03-23 14:16:37'),
(52, 'GO-sfh9s0FC1S', 'ปลื้ม', 'นายประชุม แก้วประดิษฐ์', '1', '2023-03-23 15:06:24');

-- --------------------------------------------------------

--
-- Table structure for table `pos_goods_detail`
--

CREATE TABLE `pos_goods_detail` (
  `goods_detail_id` int(11) NOT NULL,
  `po_id` varchar(300) NOT NULL,
  `po_RefNo` varchar(300) NOT NULL,
  `product_id` varchar(300) NOT NULL,
  `product_name` varchar(300) NOT NULL,
  `product_unit` varchar(300) NOT NULL,
  `product_quantity` varchar(300) NOT NULL,
  `product_price` varchar(300) NOT NULL,
  `product_total` varchar(300) NOT NULL,
  `product_start_date` date NOT NULL,
  `product_end_date` date NOT NULL,
  `good_id` varchar(300) NOT NULL
) ENGINE=InnoDB DEFAULT CHARSET=utf8;

--
-- Dumping data for table `pos_goods_detail`
--

INSERT INTO `pos_goods_detail` (`goods_detail_id`, `po_id`, `po_RefNo`, `product_id`, `product_name`, `product_unit`, `product_quantity`, `product_price`, `product_total`, `product_start_date`, `product_end_date`, `good_id`) VALUES
(1, '2', 'PO-8snjpbvqythk', '13', 'เตียงผู้ป่วยไฟฟ้า', 'เตียง', '15', '25000', '375000', '0000-00-00', '0000-00-00', '1'),
(2, '3', 'PO-rhf42y3wsbk8', '9', 'หมอนรองเจาะคอ', 'ชุด', '5', '50', '250', '2023-01-25', '2026-01-25', '2'),
(3, '3', 'PO-rhf42y3wsbk8', '12', 'ลูกอม รอยัลดี รสผลไม้', 'แผง', '100', '10', '1000', '2023-01-25', '2024-02-11', '2'),
(4, '3', 'PO-rhf42y3wsbk8', '14', 'ยาแคปซูล ฟ้าทลายโจร', 'แผง', '50', '50', '2500', '2023-03-06', '2023-03-27', '2'),
(5, '3', 'PO-rhf42y3wsbk8', '10', 'ยาหม่อง ตรา ลิงถือลูกท้อ', 'เตียง', '30', '50', '1500', '2023-01-25', '2025-06-02', '2'),
(6, '6', 'PO-i968ar1m3o4m', '13', 'เตียงผู้ป่วยไฟฟ้า', 'เตียง', '1', '25000', '25000', '2023-01-25', '2026-01-25', '3'),
(7, '8', 'PO-baeuak2fg1ri', '13', 'เตียงผู้ป่วยไฟฟ้า', 'เตียง', '1', '25000', '25000', '2023-01-25', '2026-01-25', '4'),
(8, '8', 'PO-baeuak2fg1ri', '8', 'รถเข็นสีดำ ขนาดกลาง', 'ชุด', '1', '2000', '2000', '2023-01-25', '2026-01-25', '4'),
(9, '8', 'PO-baeuak2fg1ri', '14', 'ยาแคปซูล ฟ้าทลายโจร', 'แผง', '1', '50', '50', '2023-01-25', '2023-05-16', '4'),
(10, '9', 'PO-hwgpzl365xkd', '8', 'รถเข็นสีดำ ขนาดกลาง', 'ชุด', '1', '2000', '2000', '2023-01-25', '2026-01-25', '5'),
(11, '9', 'PO-hwgpzl365xkd', '12', 'ลูกอม รอยัลดี รสผลไม้', 'แผง', '1', '10', '10', '2023-01-27', '2023-03-21', '5'),
(12, '11', 'PO-fup7vd8ikp9t', '13', 'เตียงผู้ป่วยไฟฟ้า', 'เตียง', '1', '25000', '25000', '2023-01-25', '2026-01-25', '6'),
(13, '11', 'PO-fup7vd8ikp9t', '14', 'ยาแคปซูล ฟ้าทลายโจร', 'แผง', '1', '50', '50', '2023-01-29', '2023-05-07', '6'),
(14, '10', 'PO-ooudesoi85ir', '9', 'หมอนรองเจาะคอ', 'ชุด', '1', '50', '50', '0000-00-00', '0000-00-00', '7'),
(15, '10', 'PO-ooudesoi85ir', '14', 'ยาแคปซูล ฟ้าทลายโจร', 'แผง', '1', '50', '50', '0000-00-00', '0000-00-00', '7'),
(16, '12', 'PO-hsgk2wd9u7xa', '11', 'ขวดยาแอลกอฮอล์', 'ขวด', '1', '200', '200', '2023-05-08', '2023-10-08', '8'),
(17, '12', 'PO-hsgk2wd9u7xa', '9', 'หมอนรองเจาะคอ', 'ชุด', '1', '50', '50', '2023-01-25', '2026-01-25', '8'),
(18, '13', 'PO-rrbvnh5o201y', '12', 'ลูกอม รอยัลดี รสผลไม้', 'แผง', '1', '10', '10', '2023-01-26', '2023-02-19', '9'),
(19, '13', 'PO-rrbvnh5o201y', '13', 'เตียงผู้ป่วยไฟฟ้า', 'เตียง', '1', '25000', '25000', '2023-01-25', '2026-01-25', '9'),
(20, '14', 'PO-4q5zxb4i9wjg', '10', 'ยาหม่อง ตรา ลิงถือลูกท้อ', 'เตียง', '1', '50', '50', '2023-01-25', '2026-01-25', '10'),
(21, '14', 'PO-4q5zxb4i9wjg', '12', 'ลูกอม รอยัลดี รสผลไม้', 'แผง', '1', '10', '10', '2023-01-26', '2023-01-31', '10'),
(22, '15', 'PO-qxvnl14a6dq4', '8', 'รถเข็นสีดำ ขนาดกลาง', 'ชุด', '1', '2000', '2000', '2023-01-25', '2026-01-25', '11'),
(23, '15', 'PO-qxvnl14a6dq4', '9', 'หมอนรองเจาะคอ', 'ชุด', '1', '50', '50', '2023-01-25', '2026-01-25', '11'),
(24, '15', 'PO-qxvnl14a6dq4', '11', 'ขวดยาแอลกอฮอล์', 'ขวด', '1', '200', '200', '2023-01-27', '2023-06-11', '11'),
(25, '15', 'PO-qxvnl14a6dq4', '10', 'ยาหม่อง ตรา ลิงถือลูกท้อ', 'เตียง', '1', '50', '50', '2023-01-25', '2024-01-14', '11'),
(26, '15', 'PO-qxvnl14a6dq4', '14', 'ยาแคปซูล ฟ้าทลายโจร', 'แผง', '1', '50', '50', '2023-01-28', '2023-04-16', '11'),
(27, '15', 'PO-qxvnl14a6dq4', '13', 'เตียงผู้ป่วยไฟฟ้า', 'เตียง', '1', '25000', '25000', '2023-01-25', '2026-01-25', '11'),
(28, '16', 'PO-k51uvvndjqlh', '14', 'ยาแคปซูล ฟ้าทลายโจร', 'แผง', '1', '50', '50', '0000-00-00', '0000-00-00', '12'),
(29, '17', 'PO-v85wj5pu8y6e', '11', 'ขวดยาแอลกอฮอล์', 'ขวด', '1', '200', '200', '2023-01-28', '2023-04-17', '13'),
(30, '17', 'PO-v85wj5pu8y6e', '14', 'ยาแคปซูล ฟ้าทลายโจร', 'แผง', '50', '50', '2500', '2023-01-25', '2023-08-12', '13'),
(31, '18', 'PO-7g9r242o3k8b', '12', 'ลูกอม รอยัลดี รสผลไม้', 'แผง', '1', '10', '10', '2023-03-23', '2028-03-21', '14'),
(32, '7', 'PO-90a2l9ntb5fb', '9', 'หมอนรองเจาะคอ', 'ชุด', '30', '50', '1500', '2023-01-25', '2026-01-25', '15'),
(33, '4', 'PO-p4fv3ognct6h', '11', 'ขวดยาแอลกอฮอล์', 'ขวด', '200', '200', '40000', '0000-00-00', '0000-00-00', '16'),
(34, '19', 'PO-54tqcjsaxzw0', '15', 'รถเข็นผู้ป่วย 1', 'คัน1', '15', '10000', '150000', '2023-01-25', '2026-01-25', '17'),
(35, '20', 'PO-cyhjp8eeo7f1', '10', 'ยาหม่อง ตรา ลิงถือลูกท้อ', 'เตียง', '1', '50', '50', '0000-00-00', '0000-00-00', '18'),
(36, '20', 'PO-cyhjp8eeo7f1', '13', 'เตียงผู้ป่วยไฟฟ้า', 'เตียง', '50', '25000', '1250000', '0000-00-00', '0000-00-00', '18'),
(37, '21', 'PO-t4tlmv6k1d0g', '13', 'เตียงผู้ป่วยไฟฟ้า', 'เตียง', '1', '25000', '25000', '0000-00-00', '0000-00-00', '19'),
(38, '21', 'PO-t4tlmv6k1d0g', '15', 'รถเข็นผู้ป่วย 1', 'คัน1', '1', '10000', '10000', '0000-00-00', '0000-00-00', '19'),
(39, '21', 'PO-t4tlmv6k1d0g', '9', 'หมอนรองเจาะคอ', 'ชุด', '1', '50', '50', '0000-00-00', '0000-00-00', '19'),
(40, '21', 'PO-t4tlmv6k1d0g', '12', 'ลูกอม รอยัลดี รสผลไม้', 'แผง', '1', '10', '10', '0000-00-00', '0000-00-00', '19'),
(41, '22', 'PO-3a6o511agl7r', '13', 'เตียงผู้ป่วยไฟฟ้า', 'เตียง', '5', '25000', '125000', '2023-02-18', '2026-02-18', '20'),
(42, '25', 'PO-2lwjrdqdzpl0', '8', 'รถเข็นสีดำ ขนาดกลาง', 'ชุด', '10', '2000', '20000', '2023-03-26', '2023-03-31', '21'),
(43, '24', 'PO-b91mjqnsamby', '8', 'รถเข็นสีดำ ขนาดกลาง', 'ชุด', '1', '2000', '2000', '0000-00-00', '0000-00-00', '22'),
(44, '5', 'PO-zmqwjrw15pnc', '13', 'เตียงผู้ป่วยไฟฟ้า', 'เตียง', '30', '25000', '750000', '0000-00-00', '0000-00-00', '23'),
(45, '31', 'PO-vto6iv4uoctd', '10', 'ยาหม่อง ตรา ลิงถือลูกท้อ', 'เตียง', '80', '50', '4000', '0000-00-00', '0000-00-00', '45'),
(46, '31', 'PO-vto6iv4uoctd', '13', 'เตียงผู้ป่วยไฟฟ้า', 'เตียง', '50', '25000', '1250000', '0000-00-00', '0000-00-00', '45'),
(47, '31', 'PO-vto6iv4uoctd', '16', 'รถเข็นสีดำ ขนาดใหญ่', 'ตัว', '10', '5000', '50000', '0000-00-00', '0000-00-00', '45'),
(48, '30', 'PO-d69m05uc7mex', '9', 'หมอนรองเจาะคอ', 'ชุด', '800', '50', '40000', '0000-00-00', '0000-00-00', '46'),
(49, '27', 'PO-guez51hcxtck', '16', 'รถเข็นสีดำ ขนาดใหญ่', 'ตัว', '1', '5000', '5000', '0000-00-00', '0000-00-00', '48'),
(50, '34', 'PO-gw006ebt20k5', '10', 'ยาหม่อง ตรา ลิงถือลูกท้อ', 'เตียง', '5', '50', '250', '0000-00-00', '0000-00-00', '49'),
(51, '34', 'PO-gw006ebt20k5', '12', 'ลูกอม รอยัลดี รสผลไม้', 'แผง', '10', '10', '100', '0000-00-00', '0000-00-00', '49'),
(52, '34', 'PO-gw006ebt20k5', '11', 'ขวดยาแอลกอฮอล์', 'ขวด', '15', '200', '3000', '0000-00-00', '0000-00-00', '49'),
(53, '34', 'PO-gw006ebt20k5', '13', 'เตียงผู้ป่วยไฟฟ้า', 'เตียง', '20', '25000', '500000', '0000-00-00', '0000-00-00', '49'),
(54, '34', 'PO-gw006ebt20k5', '9', 'หมอนรองเจาะคอ', 'ชุด', '25', '50', '1250', '0000-00-00', '0000-00-00', '49'),
(55, '35', 'PO-fr1wah1jz2m9', '11', 'ขวดยาแอลกอฮอล์', 'ขวด', '400', '200', '80000', '0000-00-00', '0000-00-00', '50'),
(56, '36', 'PO-7ammuxemv3w6', '10', 'ยาหม่อง ตรา ลิงถือลูกท้อ', 'เตียง', '10', '50', '500', '0000-00-00', '0000-00-00', '51'),
(57, '36', 'PO-7ammuxemv3w6', '12', 'ลูกอม รอยัลดี รสผลไม้', 'แผง', '1100', '10', '11000', '0000-00-00', '0000-00-00', '51'),
(58, '36', 'PO-7ammuxemv3w6', '13', 'เตียงผู้ป่วยไฟฟ้า', 'เตียง', '200', '25000', '5000000', '0000-00-00', '0000-00-00', '51'),
(59, '36', 'PO-7ammuxemv3w6', '14', 'ยาแคปซูล ฟ้าทลายโจร', 'แผง', '10', '50', '500', '0000-00-00', '0000-00-00', '51'),
(60, '37', 'PO-dflgflebfrrm', '11', 'ขวดยาแอลกอฮอล์', 'ขวด', '700', '200', '140000', '2023-06-10', '2023-11-19', '52');

-- --------------------------------------------------------

--
-- Table structure for table `pos_po`
--

CREATE TABLE `pos_po` (
  `po_id` int(11) NOT NULL,
  `po_create` datetime NOT NULL,
  `po_RefNo` varchar(300) NOT NULL,
  `po_buyer` varchar(300) NOT NULL COMMENT 'ผู้ซื้อ',
  `po_status` varchar(300) NOT NULL
) ENGINE=InnoDB DEFAULT CHARSET=utf8;

--
-- Dumping data for table `pos_po`
--

INSERT INTO `pos_po` (`po_id`, `po_create`, `po_RefNo`, `po_buyer`, `po_status`) VALUES
(1, '2023-01-25 02:48:54', 'PO-xns2fzlua1lj', 'ปลื้ม5', 'ยกเลิก'),
(2, '2023-01-25 02:49:04', 'PO-8snjpbvqythk', 'ปลื้ม5', 'สั่งแล้ว'),
(3, '2023-01-25 02:50:02', 'PO-rhf42y3wsbk8', 'ปลื้ม5', 'รับสินค้าแล้ว'),
(4, '2023-01-25 02:50:11', 'PO-p4fv3ognct6h', 'ปลื้ม5', 'สั่งแล้ว'),
(5, '2023-01-25 02:50:33', 'PO-zmqwjrw15pnc', 'ปลื้ม5', 'สั่งแล้ว'),
(6, '2023-01-25 02:51:29', 'PO-i968ar1m3o4m', 'ปลื้ม5', 'รับสินค้าแล้ว'),
(7, '2023-01-25 02:51:38', 'PO-90a2l9ntb5fb', 'ปลื้ม5', 'รับสินค้าแล้ว'),
(8, '2023-01-25 02:57:37', 'PO-baeuak2fg1ri', 'ปลื้ม5', 'รับสินค้าแล้ว'),
(9, '2023-01-25 02:59:01', 'PO-hwgpzl365xkd', 'ปลื้ม5', 'รับสินค้าแล้ว'),
(10, '2023-01-25 02:59:07', 'PO-ooudesoi85ir', 'ปลื้ม5', 'สั่งแล้ว'),
(11, '2023-01-25 03:00:15', 'PO-fup7vd8ikp9t', 'ปลื้ม5', 'รับสินค้าแล้ว'),
(12, '2023-01-25 03:02:31', 'PO-hsgk2wd9u7xa', 'ปลื้ม5', 'รับสินค้าแล้ว'),
(13, '2023-01-25 03:03:25', 'PO-rrbvnh5o201y', 'ปลื้ม5', 'รับสินค้าแล้ว'),
(14, '2023-01-25 03:05:06', 'PO-4q5zxb4i9wjg', 'ปลื้ม5', 'รับสินค้าแล้ว'),
(15, '2023-01-25 03:06:51', 'PO-qxvnl14a6dq4', 'ปลื้ม5', 'รับสินค้าแล้ว'),
(16, '2023-01-25 03:08:39', 'PO-k51uvvndjqlh', 'ปลื้ม5', 'สั่งแล้ว'),
(17, '2023-01-25 03:08:53', 'PO-v85wj5pu8y6e', 'ปลื้ม5', 'รับสินค้าแล้ว'),
(18, '2023-01-25 05:27:38', 'PO-7g9r242o3k8b', 'ปลื้ม', 'รับสินค้าแล้ว'),
(19, '2023-01-25 16:03:43', 'PO-54tqcjsaxzw0', 'เภสัชกร', 'รับสินค้าแล้ว'),
(20, '2023-01-28 14:49:54', 'PO-cyhjp8eeo7f1', 'ปลื้ม', 'สั่งแล้ว'),
(21, '2023-01-29 22:32:20', 'PO-t4tlmv6k1d0g', 'ปลื้ม', 'สั่งแล้ว'),
(22, '2023-02-18 12:28:06', 'PO-3a6o511agl7r', 'ปลื้ม', 'รับสินค้าแล้ว'),
(23, '2023-02-21 15:28:07', 'PO-or2qxv88pvg8', 'ปลื้ม', 'รอยืนยัน'),
(24, '2023-02-21 15:28:25', 'PO-b91mjqnsamby', 'ปลื้ม', 'สั่งแล้ว'),
(25, '2023-02-21 15:48:21', 'PO-2lwjrdqdzpl0', 'ปลื้ม', 'รับสินค้าแล้ว'),
(26, '2023-02-21 15:48:36', 'PO-gbbzr501tckl', 'ปลื้ม', 'ยกเลิก'),
(27, '2023-02-21 17:22:44', 'PO-guez51hcxtck', 'ปลื้ม', 'สั่งแล้ว'),
(30, '2023-03-23 10:24:04', 'PO-d69m05uc7mex', 'ปลื้ม', 'สั่งแล้ว'),
(31, '2023-03-23 10:27:04', 'PO-vto6iv4uoctd', 'ปลื้ม', 'สั่งแล้ว'),
(32, '2023-03-23 10:51:46', 'PO-h62qlnzudv4t', 'ปลื้ม', 'ยกเลิก'),
(33, '2023-03-23 11:14:31', 'PO-g8yta4kwpg10', 'ปลื้ม', 'ยกเลิก'),
(34, '2023-03-23 12:51:38', 'PO-gw006ebt20k5', 'ปลื้ม', 'สั่งแล้ว'),
(35, '2023-03-23 14:05:35', 'PO-fr1wah1jz2m9', 'ปลื้ม', 'สั่งแล้ว'),
(36, '2023-03-23 14:16:25', 'PO-7ammuxemv3w6', 'ปลื้ม', 'สั่งแล้ว'),
(37, '2023-03-23 14:58:18', 'PO-dflgflebfrrm', 'ปลื้ม', 'รับสินค้าแล้ว');

-- --------------------------------------------------------

--
-- Table structure for table `pos_po_detail`
--

CREATE TABLE `pos_po_detail` (
  `po_detail_id` int(11) NOT NULL,
  `po_id` varchar(300) NOT NULL,
  `product_id` varchar(300) NOT NULL,
  `product_name` varchar(300) NOT NULL,
  `product_unit` varchar(300) NOT NULL,
  `product_price` varchar(300) NOT NULL,
  `product_quantity` varchar(300) NOT NULL,
  `product_total` varchar(300) NOT NULL,
  `product_suppiles` varchar(300) NOT NULL,
  `product_start_date` date NOT NULL,
  `product_end_date` date NOT NULL
) ENGINE=InnoDB DEFAULT CHARSET=utf8;

--
-- Dumping data for table `pos_po_detail`
--

INSERT INTO `pos_po_detail` (`po_detail_id`, `po_id`, `product_id`, `product_name`, `product_unit`, `product_price`, `product_quantity`, `product_total`, `product_suppiles`, `product_start_date`, `product_end_date`) VALUES
(1, '1', '8', 'รถเข็นสีดำ ขนาดกลาง', 'ชุด', '2000', '10', '20000', 'บริษัท เอสบีเค เฮอร์เบอลิสท์ จำกัด', '0000-00-00', '0000-00-00'),
(2, '2', '13', 'เตียงผู้ป่วยไฟฟ้า', 'เตียง', '25000', '15', '375000', 'บริษัท มิลลิเมด บีเอฟเอส จำกัด', '0000-00-00', '0000-00-00'),
(3, '3', '9', 'หมอนรองเจาะคอ', 'ชุด', '50', '5', '250', 'บริษัท จงไท้เจี้ยนหมิงเอี้ยวเอี้ย (กรุ๊ป)จำกัด', '2023-01-25', '2026-01-25'),
(4, '3', '12', 'ลูกอม รอยัลดี รสผลไม้', 'แผง', '10', '100', '1000', 'Hatakabb (Sim Tien Hor) Co., Ltd.', '2023-01-25', '2024-02-11'),
(5, '3', '14', 'ยาแคปซูล ฟ้าทลายโจร', 'แผง', '50', '50', '2500', 'บริษัท เพอเฟคท์ ไลน์ อินเตอร์เนชั่นแนล จำกัด', '2023-03-06', '2023-03-27'),
(6, '3', '10', 'ยาหม่อง ตรา ลิงถือลูกท้อ', 'เตียง', '50', '30', '1500', 'Hatakabb (Sim Tien Hor) Co., Ltd.', '2023-01-25', '2025-06-02'),
(7, '4', '11', 'ขวดยาแอลกอฮอล์', 'ขวด', '200', '200', '40000', 'นายประชุม แก้วประดิษฐ์', '0000-00-00', '0000-00-00'),
(8, '5', '13', 'เตียงผู้ป่วยไฟฟ้า', 'เตียง', '25000', '30', '750000', 'บริษัท มิลลิเมด บีเอฟเอส จำกัด', '0000-00-00', '0000-00-00'),
(9, '6', '13', 'เตียงผู้ป่วยไฟฟ้า', 'เตียง', '25000', '1', '25000', 'บริษัท มิลลิเมด บีเอฟเอส จำกัด', '2023-01-25', '2026-01-25'),
(10, '7', '9', 'หมอนรองเจาะคอ', 'ชุด', '50', '30', '1500', 'บริษัท จงไท้เจี้ยนหมิงเอี้ยวเอี้ย (กรุ๊ป)จำกัด', '2023-01-25', '2026-01-25'),
(11, '8', '13', 'เตียงผู้ป่วยไฟฟ้า', 'เตียง', '25000', '1', '25000', 'บริษัท มิลลิเมด บีเอฟเอส จำกัด', '2023-01-25', '2026-01-25'),
(12, '8', '8', 'รถเข็นสีดำ ขนาดกลาง', 'ชุด', '2000', '1', '2000', 'บริษัท เอสบีเค เฮอร์เบอลิสท์ จำกัด', '2023-01-25', '2026-01-25'),
(13, '8', '14', 'ยาแคปซูล ฟ้าทลายโจร', 'แผง', '50', '1', '50', 'บริษัท เพอเฟคท์ ไลน์ อินเตอร์เนชั่นแนล จำกัด', '2023-01-25', '2023-05-16'),
(14, '9', '8', 'รถเข็นสีดำ ขนาดกลาง', 'ชุด', '2000', '1', '2000', 'บริษัท เอสบีเค เฮอร์เบอลิสท์ จำกัด', '2023-01-25', '2026-01-25'),
(15, '9', '12', 'ลูกอม รอยัลดี รสผลไม้', 'แผง', '10', '1', '10', 'Hatakabb (Sim Tien Hor) Co., Ltd.', '2023-01-27', '2023-03-21'),
(16, '10', '9', 'หมอนรองเจาะคอ', 'ชุด', '50', '1', '50', 'บริษัท จงไท้เจี้ยนหมิงเอี้ยวเอี้ย (กรุ๊ป)จำกัด', '0000-00-00', '0000-00-00'),
(17, '10', '14', 'ยาแคปซูล ฟ้าทลายโจร', 'แผง', '50', '1', '50', 'บริษัท เพอเฟคท์ ไลน์ อินเตอร์เนชั่นแนล จำกัด', '0000-00-00', '0000-00-00'),
(18, '11', '13', 'เตียงผู้ป่วยไฟฟ้า', 'เตียง', '25000', '1', '25000', 'บริษัท มิลลิเมด บีเอฟเอส จำกัด', '2023-01-25', '2026-01-25'),
(19, '11', '14', 'ยาแคปซูล ฟ้าทลายโจร', 'แผง', '50', '1', '50', 'บริษัท เพอเฟคท์ ไลน์ อินเตอร์เนชั่นแนล จำกัด', '2023-01-29', '2023-05-07'),
(20, '12', '11', 'ขวดยาแอลกอฮอล์', 'ขวด', '200', '1', '200', 'นายประชุม แก้วประดิษฐ์', '2023-05-08', '2023-10-08'),
(21, '12', '9', 'หมอนรองเจาะคอ', 'ชุด', '50', '1', '50', 'บริษัท จงไท้เจี้ยนหมิงเอี้ยวเอี้ย (กรุ๊ป)จำกัด', '2023-01-25', '2026-01-25'),
(22, '13', '12', 'ลูกอม รอยัลดี รสผลไม้', 'แผง', '10', '1', '10', 'Hatakabb (Sim Tien Hor) Co., Ltd.', '2023-01-26', '2023-02-19'),
(23, '13', '13', 'เตียงผู้ป่วยไฟฟ้า', 'เตียง', '25000', '1', '25000', 'บริษัท มิลลิเมด บีเอฟเอส จำกัด', '2023-01-25', '2026-01-25'),
(24, '14', '10', 'ยาหม่อง ตรา ลิงถือลูกท้อ', 'เตียง', '50', '1', '50', 'Hatakabb (Sim Tien Hor) Co., Ltd.', '2023-01-25', '2026-01-25'),
(25, '14', '12', 'ลูกอม รอยัลดี รสผลไม้', 'แผง', '10', '1', '10', 'Hatakabb (Sim Tien Hor) Co., Ltd.', '2023-01-26', '2023-01-31'),
(26, '15', '8', 'รถเข็นสีดำ ขนาดกลาง', 'ชุด', '2000', '1', '2000', 'บริษัท เอสบีเค เฮอร์เบอลิสท์ จำกัด', '2023-01-25', '2026-01-25'),
(27, '15', '9', 'หมอนรองเจาะคอ', 'ชุด', '50', '1', '50', 'บริษัท จงไท้เจี้ยนหมิงเอี้ยวเอี้ย (กรุ๊ป)จำกัด', '2023-01-25', '2026-01-25'),
(28, '15', '11', 'ขวดยาแอลกอฮอล์', 'ขวด', '200', '1', '200', 'นายประชุม แก้วประดิษฐ์', '2023-01-27', '2023-06-11'),
(29, '15', '10', 'ยาหม่อง ตรา ลิงถือลูกท้อ', 'เตียง', '50', '1', '50', 'Hatakabb (Sim Tien Hor) Co., Ltd.', '2023-01-25', '2024-01-14'),
(30, '15', '14', 'ยาแคปซูล ฟ้าทลายโจร', 'แผง', '50', '1', '50', 'บริษัท เพอเฟคท์ ไลน์ อินเตอร์เนชั่นแนล จำกัด', '2023-01-28', '2023-04-16'),
(31, '15', '13', 'เตียงผู้ป่วยไฟฟ้า', 'เตียง', '25000', '1', '25000', 'บริษัท มิลลิเมด บีเอฟเอส จำกัด', '2023-01-25', '2026-01-25'),
(32, '16', '14', 'ยาแคปซูล ฟ้าทลายโจร', 'แผง', '50', '1', '50', 'บริษัท เพอเฟคท์ ไลน์ อินเตอร์เนชั่นแนล จำกัด', '0000-00-00', '0000-00-00'),
(33, '17', '11', 'ขวดยาแอลกอฮอล์', 'ขวด', '200', '1', '200', 'นายประชุม แก้วประดิษฐ์', '2023-01-28', '2023-04-17'),
(34, '17', '14', 'ยาแคปซูล ฟ้าทลายโจร', 'แผง', '50', '50', '2500', 'บริษัท เพอเฟคท์ ไลน์ อินเตอร์เนชั่นแนล จำกัด', '2023-01-25', '2023-08-12'),
(35, '18', '12', 'ลูกอม รอยัลดี รสผลไม้', 'แผง', '10', '1', '10', 'Hatakabb (Sim Tien Hor) Co., Ltd.', '2023-03-23', '2028-03-21'),
(36, '19', '15', 'รถเข็นผู้ป่วย 1', 'คัน1', '10000', '15', '150000', 'วไลยอลงกรณ์', '2023-01-25', '2026-01-25'),
(37, '20', '10', 'ยาหม่อง ตรา ลิงถือลูกท้อ', 'เตียง', '50', '1', '50', 'Hatakabb (Sim Tien Hor) Co., Ltd.', '0000-00-00', '0000-00-00'),
(38, '20', '13', 'เตียงผู้ป่วยไฟฟ้า', 'เตียง', '25000', '50', '1250000', 'บริษัท มิลลิเมด บีเอฟเอส จำกัด', '0000-00-00', '0000-00-00'),
(39, '21', '13', 'เตียงผู้ป่วยไฟฟ้า', 'เตียง', '25000', '1', '25000', 'บริษัท มิลลิเมด บีเอฟเอส จำกัด', '0000-00-00', '0000-00-00'),
(40, '21', '15', 'รถเข็นผู้ป่วย 1', 'คัน1', '10000', '1', '10000', 'วไลยอลงกรณ์', '0000-00-00', '0000-00-00'),
(41, '21', '9', 'หมอนรองเจาะคอ', 'ชุด', '50', '1', '50', 'บริษัท จงไท้เจี้ยนหมิงเอี้ยวเอี้ย (กรุ๊ป)จำกัด', '0000-00-00', '0000-00-00'),
(42, '21', '12', 'ลูกอม รอยัลดี รสผลไม้', 'แผง', '10', '1', '10', 'Hatakabb (Sim Tien Hor) Co., Ltd.', '0000-00-00', '0000-00-00'),
(43, '22', '13', 'เตียงผู้ป่วยไฟฟ้า', 'เตียง', '25000', '5', '125000', 'บริษัท มิลลิเมด บีเอฟเอส จำกัด', '2023-02-18', '2026-02-18'),
(44, '23', '10', 'ยาหม่อง ตรา ลิงถือลูกท้อ', 'เตียง', '50', '10', '500', 'Hatakabb (Sim Tien Hor) Co., Ltd.', '0000-00-00', '0000-00-00'),
(45, '23', '8', 'รถเข็นสีดำ ขนาดกลาง', 'ชุด', '2000', '1', '2000', 'บริษัท เอสบีเค เฮอร์เบอลิสท์ จำกัด', '0000-00-00', '0000-00-00'),
(46, '23', '16', 'รถเข็นสีดำ ขนาดใหญ่', 'ตัว', '5000', '1', '5000', 'บริษัท เอสบีเค เฮอร์เบอลิสท์ จำกัด', '0000-00-00', '0000-00-00'),
(47, '24', '8', 'รถเข็นสีดำ ขนาดกลาง', 'ชุด', '2000', '1', '2000', 'บริษัท เอสบีเค เฮอร์เบอลิสท์ จำกัด', '0000-00-00', '0000-00-00'),
(48, '25', '8', 'รถเข็นสีดำ ขนาดกลาง', 'ชุด', '2000', '10', '20000', 'บริษัท เอสบีเค เฮอร์เบอลิสท์ จำกัด', '2023-03-26', '2023-03-31'),
(49, '26', '16', 'รถเข็นสีดำ ขนาดใหญ่', 'ตัว', '5000', '1', '5000', 'บริษัท เอสบีเค เฮอร์เบอลิสท์ จำกัด', '0000-00-00', '0000-00-00'),
(50, '27', '16', 'รถเข็นสีดำ ขนาดใหญ่', 'ตัว', '5000', '1', '5000', 'บริษัท เอสบีเค เฮอร์เบอลิสท์ จำกัด', '0000-00-00', '0000-00-00'),
(52, '30', '9', 'หมอนรองเจาะคอ', 'ชุด', '50', '800', '40000', 'บริษัท จงไท้เจี้ยนหมิงเอี้ยวเอี้ย (กรุ๊ป)จำกัด', '0000-00-00', '0000-00-00'),
(53, '31', '10', 'ยาหม่อง ตรา ลิงถือลูกท้อ', 'เตียง', '50', '80', '4000', 'Hatakabb (Sim Tien Hor) Co., Ltd.', '0000-00-00', '0000-00-00'),
(54, '31', '13', 'เตียงผู้ป่วยไฟฟ้า', 'เตียง', '25000', '50', '1250000', 'บริษัท มิลลิเมด บีเอฟเอส จำกัด', '0000-00-00', '0000-00-00'),
(55, '31', '16', 'รถเข็นสีดำ ขนาดใหญ่', 'ตัว', '5000', '10', '50000', 'บริษัท เอสบีเค เฮอร์เบอลิสท์ จำกัด', '0000-00-00', '0000-00-00'),
(56, '32', '12', 'ลูกอม รอยัลดี รสผลไม้', 'แผง', '10', '50', '500', 'Hatakabb (Sim Tien Hor) Co., Ltd.', '0000-00-00', '0000-00-00'),
(57, '33', '13', 'เตียงผู้ป่วยไฟฟ้า', 'เตียง', '25000', '780', '19500000', 'บริษัท มิลลิเมด บีเอฟเอส จำกัด', '0000-00-00', '0000-00-00'),
(58, '34', '10', 'ยาหม่อง ตรา ลิงถือลูกท้อ', 'เตียง', '50', '5', '250', 'Hatakabb (Sim Tien Hor) Co., Ltd.', '0000-00-00', '0000-00-00'),
(59, '34', '12', 'ลูกอม รอยัลดี รสผลไม้', 'แผง', '10', '10', '100', 'Hatakabb (Sim Tien Hor) Co., Ltd.', '0000-00-00', '0000-00-00'),
(60, '34', '11', 'ขวดยาแอลกอฮอล์', 'ขวด', '200', '15', '3000', 'นายประชุม แก้วประดิษฐ์', '0000-00-00', '0000-00-00'),
(61, '34', '13', 'เตียงผู้ป่วยไฟฟ้า', 'เตียง', '25000', '20', '500000', 'บริษัท มิลลิเมด บีเอฟเอส จำกัด', '0000-00-00', '0000-00-00'),
(62, '34', '9', 'หมอนรองเจาะคอ', 'ชุด', '50', '25', '1250', 'บริษัท จงไท้เจี้ยนหมิงเอี้ยวเอี้ย (กรุ๊ป)จำกัด', '0000-00-00', '0000-00-00'),
(63, '35', '11', 'ขวดยาแอลกอฮอล์', 'ขวด', '200', '400', '80000', 'นายประชุม แก้วประดิษฐ์', '0000-00-00', '0000-00-00'),
(64, '36', '10', 'ยาหม่อง ตรา ลิงถือลูกท้อ', 'เตียง', '50', '10', '500', 'Hatakabb (Sim Tien Hor) Co., Ltd.', '0000-00-00', '0000-00-00'),
(65, '36', '12', 'ลูกอม รอยัลดี รสผลไม้', 'แผง', '10', '1100', '11000', 'Hatakabb (Sim Tien Hor) Co., Ltd.', '0000-00-00', '0000-00-00'),
(66, '36', '13', 'เตียงผู้ป่วยไฟฟ้า', 'เตียง', '25000', '200', '5000000', 'บริษัท มิลลิเมด บีเอฟเอส จำกัด', '0000-00-00', '0000-00-00'),
(67, '36', '14', 'ยาแคปซูล ฟ้าทลายโจร', 'แผง', '50', '10', '500', 'บริษัท เพอเฟคท์ ไลน์ อินเตอร์เนชั่นแนล จำกัด', '0000-00-00', '0000-00-00'),
(68, '37', '11', 'ขวดยาแอลกอฮอล์', 'ขวด', '200', '700', '140000', 'นายประชุม แก้วประดิษฐ์', '2023-06-10', '2023-11-19');

-- --------------------------------------------------------

--
-- Table structure for table `pos_product`
--

CREATE TABLE `pos_product` (
  `product_id` int(11) NOT NULL,
  `product_name` varchar(300) NOT NULL,
  `product_price` varchar(300) NOT NULL,
  `product_sell` varchar(300) NOT NULL,
  `product_point` varchar(300) NOT NULL,
  `product_type` varchar(300) NOT NULL,
  `product_cate` varchar(300) NOT NULL,
  `product_symp` varchar(300) NOT NULL,
  `product_unit` varchar(300) NOT NULL,
  `product_image` varchar(300) NOT NULL,
  `product_suppiles` varchar(300) NOT NULL,
  `product_sku` varchar(300) NOT NULL,
  `product_status` int(1) NOT NULL,
  `product_quantity` int(255) NOT NULL
) ENGINE=InnoDB DEFAULT CHARSET=utf8;

--
-- Dumping data for table `pos_product`
--

INSERT INTO `pos_product` (`product_id`, `product_name`, `product_price`, `product_sell`, `product_point`, `product_type`, `product_cate`, `product_symp`, `product_unit`, `product_image`, `product_suppiles`, `product_sku`, `product_status`, `product_quantity`) VALUES
(8, 'รถเข็นสีดำ ขนาดกลาง', '2000', '2500', '20', 'อุปกรณ์ทางการแพทย์', 'ยาต้านไวรัส', 'กระดูก กล้ามเนื้อ และข้อ', 'ชุด', '1674549585154448-1.jpg', 'บริษัท เอสบีเค เฮอร์เบอลิสท์ จำกัด', 'A00152', 0, 2),
(9, 'หมอนรองเจาะคอ', '50', '70', '20', 'อุปกรณ์ทางการแพทย์', 'ยาแก้คัดจมูก‎', 'หู คอ จมูก และ ช่องปาก', 'ชุด', '1674549631249688-1.jpg', 'บริษัท จงไท้เจี้ยนหมิงเอี้ยวเอี้ย (กรุ๊ป)จำกัด', 'MO1001', 0, 31),
(10, 'ยาหม่อง ตรา ลิงถือลูกท้อ', '50', '55', '30', 'ยารักษาโรค', 'วิตามิน‎', 'ระบบหัวใจและหลอดเลือด', 'เตียง', '1674575307292087_1.jpg', 'Hatakabb (Sim Tien Hor) Co., Ltd.', 'KO550', 0, 28),
(11, 'ขวดยาแอลกอฮอล์', '200', '250', '10', 'ยารักษาโรค', 'ยาปฏิชีวนะ‎', 'ผิวหนัง', 'ขวด', '1674575377246689_1.jpg', 'นายประชุม แก้วประดิษฐ์', 'KU5560', 0, 0),
(12, 'ลูกอม รอยัลดี รสผลไม้', '10', '12', '10', 'อาหาร/เครื่องดื่ม', 'วิตามิน‎', 'ระบบทางเดินอาหาร', 'แผง', '1674575438295027_00.jpg', 'Hatakabb (Sim Tien Hor) Co., Ltd.', 'KIO9950', 0, 29),
(13, 'เตียงผู้ป่วยไฟฟ้า', '25000', '30000', '1', 'อุปกรณ์ทางการแพทย์', 'รถเข็นผู้ป่วย', 'กระดูก กล้ามเนื้อ และข้อ', 'เตียง', '1674575511163139-2.jpg', 'บริษัท มิลลิเมด บีเอฟเอส จำกัด', 'SKI55600', 0, 5),
(14, 'ยาแคปซูล ฟ้าทลายโจร', '50', '60', '30', 'อุปกรณ์ทางการแพทย์', 'ยาต้านไวรัส', 'วัคซีน', 'แผง', '1674578393268550-1.jpg', 'บริษัท เพอเฟคท์ ไลน์ อินเตอร์เนชั่นแนล จำกัด', 'TU55963', 0, 108),
(16, 'รถเข็นสีดำ ขนาดใหญ่', '5000', '5500', '5', 'อุปกรณ์สำหรับผู้ป่วย', 'รถเข็นผู้ป่วย 2 ', 'การเคลือนไหว 1', 'ตัว', '167695844823.png', 'บริษัท เอสบีเค เฮอร์เบอลิสท์ จำกัด', 'A00153', 0, 0);

-- --------------------------------------------------------

--
-- Table structure for table `pos_suppiles`
--

CREATE TABLE `pos_suppiles` (
  `suppiles_id` int(11) NOT NULL,
  `suppiles_name` varchar(300) NOT NULL,
  `suppiles_company` varchar(300) NOT NULL,
  `suppiles_phone` varchar(300) NOT NULL,
  `suppiles_address` varchar(300) NOT NULL,
  `suppiles_email` varchar(300) NOT NULL,
  `description` varchar(300) NOT NULL
) ENGINE=InnoDB DEFAULT CHARSET=utf8;

--
-- Dumping data for table `pos_suppiles`
--

INSERT INTO `pos_suppiles` (`suppiles_id`, `suppiles_name`, `suppiles_company`, `suppiles_phone`, `suppiles_address`, `suppiles_email`, `description`) VALUES
(222, 'Hatakabb (Sim Tien Hor) Co., Ltd.', 'Hatakabb (Sim Tien Hor) Co., Ltd.', '+66 2898-5454', '1 พระรามที่ 2 ท่าข้าม บางขุนเทียน กรุงเทพมหานคร 10150', '', 'ผลิตยาอม ผลิตยาสมุนไพร ยาแผนโบราณ'),
(223, 'นายประชุม แก้วประดิษฐ์', 'นายประชุม แก้วประดิษฐ์', '-', '9/2 10 บางเลน บางเลน นครปฐม 73130', '', 'ประเภทยาสมุนไพร ชนิดเม็ดและแคปซูลรวมถึงยาภายนอก'),
(224, 'บริษัท กรุงเทพทิพโอสถ จำกัด', 'บริษัท กรุงเทพทิพโอสถ จำกัด', '02 441 4966', '67/5 เกิดโชค (ทวีวัฒนา-กาญจนาภิเษก 31) ทวีวัฒนา-กาญจนาภิเษก ศาลาธรรมสพน์ ทวีวัฒนา กรุงเทพมหานคร 10170', '', 'ผลิตยาจากสมุนไพร ยาแผนโบราณ ยาแผนปัจจุบัน'),
(225, 'บริษัท โกลด์ มิ้นท์ โปรดักส์ จำกัด', 'บริษัท โกลด์ มิ้นท์ โปรดักส์ จำกัด', '0-2744-8497-8', '248/1 โสภณ เลียบทางด่วน บางนา บางนา กรุงเทพมหานคร 10260', '', 'ยาดมโป๊ยเซียน ยาดมพีเป๊กซ์ PE-PEX พิมเสนน้ำ โป๊ยเซียน ผลิตยาและอาหารเสริม ยาแผนโบราณ ยาแผนปัจจุบัน โรงงานยาหม่อง'),
(226, 'บริษัท จงไท้เจี้ยนหมิงเอี้ยวเอี้ย (กรุ๊ป)จำกัด', 'บริษัท จงไท้เจี้ยนหมิงเอี้ยวเอี้ย (กรุ๊ป)จำกัด', '-', '30/103 โคกขาม เมืองสมุทรสาคร สมุทรสาคร 74000', '', 'ยาแผนโบราณ ยาสำเร็จรูป รูปแบบแคปซูลแข็ง'),
(227, 'บริษัท เจเค เฮิร์บ อินเตอร์ เนชั่นแนล จํากัด', 'บริษัท เจเค เฮิร์บ อินเตอร์ เนชั่นแนล จํากัด', '+66 (0) 2 633-1113-5', '111 13 บางนา-ตราด กม. 9 บางพลีใหญ่ บางพลี สมุทรปราการ 10540', '', 'ยาแผนโบราณ ยาแผนปัจจุบัน ผลิตยาสมุนไพร'),
(228, 'บริษัท นิวคอนเซพท์ โปรดัคท์ จำกัด', 'บริษัท นิวคอนเซพท์ โปรดัคท์ จำกัด', '+66 (0) 2731-1029', '156 ซอยลาดพร้าว 107 ลาดพร้าว คลองจั่น บางกะปิ กรุงเทพมหานคร 10240', '', 'ยาแผนโบราณ ยาแผนปัจจุบัน รายชื่อโรงงานผลิตยา'),
(229, 'บริษัท ไบโอติคอน จำกัด', 'บริษัท ไบโอติคอน จำกัด', '099-356-9156', '313 บางชัน คลองสามวา กรุงเทพมหานคร 10510', '', 'ยาและอาหารเสริม ผลิตอาหารเสริม เครื่องสำอาง ผลิตยาสมุนไพร'),
(230, 'บริษัท เพอเฟคท์ ไลน์ อินเตอร์เนชั่นแนล จำกัด', 'บริษัท เพอเฟคท์ ไลน์ อินเตอร์เนชั่นแนล จำกัด', '-', '99/45 3 บางนา-ตราด บางเสาธง บางเสาธง สมุทรปราการ 10540', '', 'ผลิต แบ่งบรรจุ จำหน่าย นำเข้า เครื่องสำอาง เครื่องสมุนไพร ยาสมุนไพร ยาแผนโบราณ ยารักษาโรคแผนปัจจุบันทุกประเภท ทั้งใน และนอกประเทศ'),
(231, 'บริษัท มิลลิเมด บีเอฟเอส จำกัด', 'บริษัท มิลลิเมด บีเอฟเอส จำกัด', '089-0631195', '179 8 ผางาม เวียงชัย เชียงราย 57210', '', 'ผลิตยารักษาโรคปราศจากเชื้อชนิดฉีด ชนิดผง พ่นสูด ยาหยอดตา ยาปฏิชีวนะ ชนิดฉีด น้ำเกลือ น้ำกลั่น'),
(233, 'วไลยอลงกรณ์', 'บริษัท vru จำกัด', '026558145', 'ปทุมธานี คลองหลวง ', 'vru@gmail.co.th', 'ผลิตอาหารเสริม ข้าวกล้อง'),
(234, 'บริษัท เอสบีเค เฮอร์เบอลิสท์ จำกัด', 'บริษัท เอสบีเค เฮอร์เบอลิสท์ จำกัด', '06411318526', '1', '2', '3');

-- --------------------------------------------------------

--
-- Table structure for table `pos_type`
--

CREATE TABLE `pos_type` (
  `type_id` int(11) NOT NULL,
  `type_name` varchar(300) NOT NULL
) ENGINE=InnoDB DEFAULT CHARSET=utf8;

--
-- Dumping data for table `pos_type`
--

INSERT INTO `pos_type` (`type_id`, `type_name`) VALUES
(1, 'ยารักษาโรค'),
(2, 'ผลิตภัณฑ์เสริมอาหาร'),
(3, 'ผลิตภัณฑ์เสริมความงาม'),
(4, 'อุปกรณ์ทางการแพทย์'),
(5, 'อาหาร/เครื่องดื่ม'),
(7, 'อุปกรณ์สำหรับผู้ป่วย');

-- --------------------------------------------------------

--
-- Table structure for table `pos_type_product`
--

CREATE TABLE `pos_type_product` (
  `type_id` int(11) NOT NULL,
  `type_name` varchar(300) NOT NULL
) ENGINE=InnoDB DEFAULT CHARSET=utf8;

-- --------------------------------------------------------

--
-- Table structure for table `pos_unit`
--

CREATE TABLE `pos_unit` (
  `unit_id` int(11) NOT NULL,
  `unit_name` varchar(300) NOT NULL
) ENGINE=InnoDB DEFAULT CHARSET=utf8;

--
-- Dumping data for table `pos_unit`
--

INSERT INTO `pos_unit` (`unit_id`, `unit_name`) VALUES
(1, 'เตียง'),
(2, 'เครื่อง'),
(3, 'ชุด'),
(4, 'ตัว'),
(5, 'ถัง'),
(6, 'คู่'),
(7, 'แผง'),
(8, 'ขวด'),
(9, 'กระปุก'),
(10, 'เม็ด'),
(12, 'คัน');

--
-- Indexes for dumped tables
--

--
-- Indexes for table `pos_backup_product`
--
ALTER TABLE `pos_backup_product`
  ADD PRIMARY KEY (`backup_product_id`);

--
-- Indexes for table `pos_category`
--
ALTER TABLE `pos_category`
  ADD PRIMARY KEY (`cate_id`);

--
-- Indexes for table `pos_customer`
--
ALTER TABLE `pos_customer`
  ADD PRIMARY KEY (`customer_id`);

--
-- Indexes for table `pos_employee`
--
ALTER TABLE `pos_employee`
  ADD PRIMARY KEY (`employee_id`);

--
-- Indexes for table `pos_goods`
--
ALTER TABLE `pos_goods`
  ADD PRIMARY KEY (`goods_id`);

--
-- Indexes for table `pos_goods_detail`
--
ALTER TABLE `pos_goods_detail`
  ADD PRIMARY KEY (`goods_detail_id`);

--
-- Indexes for table `pos_po`
--
ALTER TABLE `pos_po`
  ADD PRIMARY KEY (`po_id`);

--
-- Indexes for table `pos_po_detail`
--
ALTER TABLE `pos_po_detail`
  ADD PRIMARY KEY (`po_detail_id`);

--
-- Indexes for table `pos_product`
--
ALTER TABLE `pos_product`
  ADD PRIMARY KEY (`product_id`);

--
-- Indexes for table `pos_suppiles`
--
ALTER TABLE `pos_suppiles`
  ADD PRIMARY KEY (`suppiles_id`);

--
-- Indexes for table `pos_type`
--
ALTER TABLE `pos_type`
  ADD PRIMARY KEY (`type_id`);

--
-- Indexes for table `pos_type_product`
--
ALTER TABLE `pos_type_product`
  ADD PRIMARY KEY (`type_id`);

--
-- Indexes for table `pos_unit`
--
ALTER TABLE `pos_unit`
  ADD PRIMARY KEY (`unit_id`);

--
-- AUTO_INCREMENT for dumped tables
--

--
-- AUTO_INCREMENT for table `pos_backup_product`
--
ALTER TABLE `pos_backup_product`
  MODIFY `backup_product_id` int(11) NOT NULL AUTO_INCREMENT, AUTO_INCREMENT=39;
--
-- AUTO_INCREMENT for table `pos_category`
--
ALTER TABLE `pos_category`
  MODIFY `cate_id` int(11) NOT NULL AUTO_INCREMENT, AUTO_INCREMENT=2274;
--
-- AUTO_INCREMENT for table `pos_customer`
--
ALTER TABLE `pos_customer`
  MODIFY `customer_id` int(11) NOT NULL AUTO_INCREMENT, AUTO_INCREMENT=5;
--
-- AUTO_INCREMENT for table `pos_employee`
--
ALTER TABLE `pos_employee`
  MODIFY `employee_id` int(11) NOT NULL AUTO_INCREMENT, AUTO_INCREMENT=5;
--
-- AUTO_INCREMENT for table `pos_goods`
--
ALTER TABLE `pos_goods`
  MODIFY `goods_id` int(11) NOT NULL AUTO_INCREMENT, AUTO_INCREMENT=53;
--
-- AUTO_INCREMENT for table `pos_goods_detail`
--
ALTER TABLE `pos_goods_detail`
  MODIFY `goods_detail_id` int(11) NOT NULL AUTO_INCREMENT, AUTO_INCREMENT=61;
--
-- AUTO_INCREMENT for table `pos_po`
--
ALTER TABLE `pos_po`
  MODIFY `po_id` int(11) NOT NULL AUTO_INCREMENT, AUTO_INCREMENT=38;
--
-- AUTO_INCREMENT for table `pos_po_detail`
--
ALTER TABLE `pos_po_detail`
  MODIFY `po_detail_id` int(11) NOT NULL AUTO_INCREMENT, AUTO_INCREMENT=69;
--
-- AUTO_INCREMENT for table `pos_product`
--
ALTER TABLE `pos_product`
  MODIFY `product_id` int(11) NOT NULL AUTO_INCREMENT, AUTO_INCREMENT=17;
--
-- AUTO_INCREMENT for table `pos_suppiles`
--
ALTER TABLE `pos_suppiles`
  MODIFY `suppiles_id` int(11) NOT NULL AUTO_INCREMENT, AUTO_INCREMENT=235;
--
-- AUTO_INCREMENT for table `pos_type`
--
ALTER TABLE `pos_type`
  MODIFY `type_id` int(11) NOT NULL AUTO_INCREMENT, AUTO_INCREMENT=8;
--
-- AUTO_INCREMENT for table `pos_type_product`
--
ALTER TABLE `pos_type_product`
  MODIFY `type_id` int(11) NOT NULL AUTO_INCREMENT;
--
-- AUTO_INCREMENT for table `pos_unit`
--
ALTER TABLE `pos_unit`
  MODIFY `unit_id` int(11) NOT NULL AUTO_INCREMENT, AUTO_INCREMENT=13;
/*!40101 SET CHARACTER_SET_CLIENT=@OLD_CHARACTER_SET_CLIENT */;
/*!40101 SET CHARACTER_SET_RESULTS=@OLD_CHARACTER_SET_RESULTS */;
/*!40101 SET COLLATION_CONNECTION=@OLD_COLLATION_CONNECTION */;
